{"cameraMode":{"drawMode":0,"name":"Shaded","section":"Shading Mode"},"sceneLighting":false,"audioPlay":false,"sceneViewState":{"showFog":false,"showMaterialUpdate":false,"showSkybox":false,"showFlares":false,"showImageEffects":false,"showParticleSystems":false},"in2DMode":false,"pivot":{"x":553.7999877929688,"y":272.3999938964844,"z":0.0},"rotation":{"x":-0.023997444659471513,"y":0.005998300388455391,"z":0.00014403159730136395,"w":0.9996947646141052},"size":116.67262268066406,"orthographic":true}