{"cameraMode":{"drawMode":0,"name":"Shaded","section":"Shading Mode"},"sceneLighting":false,"audioPlay":false,"sceneViewState":{"showFog":false,"showMaterialUpdate":false,"showSkybox":false,"showFlares":false,"showImageEffects":false,"showParticleSystems":false},"in2DMode":false,"pivot":{"x":1.823878288269043,"y":-0.494140625,"z":0.9732666015625},"rotation":{"x":0.7706732153892517,"y":-0.0009558858582749963,"z":0.0011560640996322036,"w":0.6372292637825012},"size":2.0932369232177736,"orthographic":true}