{"cameraMode":{"drawMode":0,"name":"Shaded","section":"Shading Mode"},"sceneLighting":false,"audioPlay":false,"sceneViewState":{"showFog":false,"showMaterialUpdate":false,"showSkybox":false,"showFlares":false,"showImageEffects":false,"showParticleSystems":false},"in2DMode":false,"pivot":{"x":-0.8747749328613281,"y":0.96435546875,"z":2.22998046875},"rotation":{"x":-0.020997174084186555,"y":-0.010497636161744595,"z":-0.00022043660283088684,"w":0.999724268913269},"size":1.1893199682235718,"orthographic":true}