{"cameraMode":{"drawMode":0,"name":"Shaded","section":"Shading Mode"},"sceneLighting":false,"audioPlay":false,"sceneViewState":{"showFog":false,"showMaterialUpdate":false,"showSkybox":false,"showFlares":false,"showImageEffects":false,"showParticleSystems":false},"in2DMode":false,"pivot":{"x":0.9579532146453857,"y":2.0816080570220949,"z":-3.9480199813842775},"rotation":{"x":-0.3082805573940277,"y":-0.1861790120601654,"z":0.06165848672389984,"w":-0.9308602809906006},"size":6.877815246582031,"orthographic":false}