{"cameraMode":{"drawMode":0,"name":"Shaded","section":"Shading Mode"},"sceneLighting":false,"audioPlay":false,"sceneViewState":{"showFog":false,"showMaterialUpdate":false,"showSkybox":false,"showFlares":false,"showImageEffects":false,"showParticleSystems":false},"in2DMode":false,"pivot":{"x":-3.443603515625,"y":28.4453125,"z":31.880859375},"rotation":{"x":0.39385929703712466,"y":0.026190858334302903,"z":-0.011227943003177643,"w":0.9187301397323608},"size":13.901140213012696,"orthographic":true}