{"cameraMode":{"drawMode":0,"name":"Shaded","section":"Shading Mode"},"sceneLighting":false,"audioPlay":false,"sceneViewState":{"showFog":false,"showMaterialUpdate":false,"showSkybox":false,"showFlares":false,"showImageEffects":false,"showParticleSystems":false},"in2DMode":false,"pivot":{"x":0.2999763488769531,"y":-0.6000000238418579,"z":120.75958251953125},"rotation":{"x":0.39395010471343996,"y":-0.32201239466667178,"z":0.14963485300540925,"w":0.847775936126709},"size":17.853242874145509,"orthographic":true}