{"cameraMode":{"drawMode":0,"name":"Shaded","section":"Shading Mode"},"sceneLighting":false,"audioPlay":false,"sceneViewState":{"showFog":false,"showMaterialUpdate":false,"showSkybox":false,"showFlares":false,"showImageEffects":false,"showParticleSystems":false},"in2DMode":false,"pivot":{"x":-0.8660000562667847,"y":1.1699999570846558,"z":2.256500005722046},"rotation":{"x":-0.020997174084186555,"y":-0.010497636161744595,"z":-0.00022043660283088684,"w":0.999724268913269},"size":1.735172986984253,"orthographic":true}