{"cameraMode":{"drawMode":0,"name":"Shaded","section":"Shading Mode"},"sceneLighting":true,"audioPlay":false,"sceneViewState":{"showFog":false,"showMaterialUpdate":false,"showSkybox":false,"showFlares":false,"showImageEffects":false,"showParticleSystems":false},"in2DMode":false,"pivot":{"x":-0.17586594820022584,"y":-0.2705078125,"z":-0.028573788702487947},"rotation":{"x":0.6360729336738586,"y":-1.1604788241470488e-8,"z":-3.904990819592058e-8,"w":0.7716286778450012},"size":3.3311996459960939,"orthographic":true}