{"cameraMode":{"drawMode":0,"name":"Shaded","section":"Shading Mode"},"sceneLighting":false,"audioPlay":false,"sceneViewState":{"showFog":false,"showMaterialUpdate":false,"showSkybox":false,"showFlares":false,"showImageEffects":false,"showParticleSystems":false},"in2DMode":false,"pivot":{"x":-0.8659999966621399,"y":1.1699999570846558,"z":2.256500005722046},"rotation":{"x":0.06146109476685524,"y":0.0029941843822598459,"z":-0.0001843305944930762,"w":0.9981049299240112},"size":1.8499505519866944,"orthographic":true}